motif	score	fg match	fg size	bg match	bg size	fg/bg	unadjusted p-value	tests	adjusted p-value
xxxxxH_S79.9_Dxxxxx	36.02	22	3123	2	3123	11.0	1.7e-005	317	5.5e-003
xxxxxx_S79.9_NExxxx	33.55	90	3123	27	3123	3.3	1.5e-009	313	4.7e-007
xxxxxx_S79.9_DxExxx	32.12	103	3123	34	3123	3.0	9.8e-010	315	3.1e-007
Kxxxxx_S79.9_Pxxxxx	36.97	20	3123	1	3123	20.0	1.0e-005	312	3.2e-003
xxxxNx_S79.9_xDExxx	39.95	24	3123	1	3123	24.0	7.4e-007	316	2.4e-004
Kxxxxx_S79.9_xxxxxK	28.88	91	3123	28	3123	3.2	2.1e-009	306	6.4e-007
xxxxxx_S79.9_xDxxKx	23.34	95	3123	36	3123	2.6	9.6e-008	310	3.0e-005
Kxxxxx_S79.9_Dxxxxx	20.70	96	3123	34	3123	2.8	1.8e-008	290	5.2e-006
xxKRxx_S79.9_xxxxxx	24.63	43	3123	7	3123	6.1	9.5e-008	238	2.3e-005
xxxxxx_S79.9_xExxxx	10.45	488	3123	311	3123	1.6	1.1e-011	289	3.2e-009
xxxxxx_S79.9_xDxxxx	12.41	551	3123	369	3123	1.5	4.6e-011	293	1.3e-008
xxxxxx_S79.9_Pxxxxx	12.93	110	3123	51	3123	2.2	1.4e-006	213	3.1e-004
xxxxxG_S79.9_xxxxxx	10.80	141	3123	88	3123	1.6	2.2e-004	210	4.5e-002
RxxSxx_S79.9_xxxxxx	15.93	38	3123	7	3123	5.4	1.4e-006	250	3.6e-004
xxxxxx_S79.9_Dxxxxx	9.85	552	3123	354	3123	1.6	6.1e-013	250	1.5e-010
xLxxxx_S79.9_xxxxxx	8.45	229	3123	157	3123	1.5	9.2e-005	210	1.9e-002
xxxxxx_S79.9_xNxxxx	8.16	514	3123	485	3123	1.1	1.7e-001	263	1.0e+000
xxxRxx_S79.9_xxxxxx	6.06	207	3123	127	3123	1.6	4.1e-006	180	7.3e-004
Kxxxxx_Y79.9_xxxxxx	8.79	50	233	20	233	2.5	7.1e-005	48	3.4e-003
xxxxxx_T79.9_Pxxxxx	8.81	34	517	10	517	3.4	1.5e-004	105	1.5e-002
xxxxxx_T79.9_xDxxxx	8.62	91	517	50	517	1.8	1.3e-004	103	1.4e-002
xxLxxx_T79.9_xxxxxx	6.74	38	517	19	517	2.0	6.8e-003	78	4.1e-001

# MoMo (Modification Motifs): Version 5.0.1 compiled on Aug 24 2018 at 16:42:54
# The format of this file is described at http://meme-suite.org/doc/momo-output-format.html.
# momo motifx -oc momo_example_output_files --sequence-column 'Motif Peptide' --width 13 --min-occurrences 5 --min-occurrences 20 --protein-database ensembl_Plasmodium_falciparum_38.200.fa pr8b00062_si_002.ptm
